{
  "project_info": {
    "project_number": "732798738261",
    "firebase_url": "https://finalmobile-f0f00-default-rtdb.firebaseio.com",
    "project_id": "finalmobile-f0f00",
    "storage_bucket": "finalmobile-f0f00.appspot.com"
  },
  "client": [
    {
      "client_info": {
        "mobilesdk_app_id": "1:732798738261:android:4c8490678c39849600d9dc",
        "android_client_info": {
          "package_name": "com.example.mobliefinal"
        }
      },
      "oauth_client": [],
      "api_key": [
        {
          "current_key": "AIzaSyBiaV9lrHzEehRvAInxwY-a-wqxKtYt92c"
        }
      ],
      "services": {
        "appinvite_service": {
          "other_platform_oauth_client": []
        }
      }
    }
  ],
  "configuration_version": "1"
}